Part,MOI1,MOI2,MOI3
Hub,167.779296875,195.74251302083331,195.74251302083331
Solar Panel,72.00045,4.50045,76.5
Fuel Tank,906.0729166666666,906.0729166666666,906.0729166666666
Fuel in Tank,2556.6375000000003,2556.6375000000003,2556.6375000000003
Antenna,1.1052953125,1.1052953125,2.20875
Docking Port,5.0075,2.5788625,2.5788625
